epoch,train_loss,train_acc,val_loss,val_acc,val_f1_macro,learning_rate
1,1.0838544003975887,0.556725544660973,0.7157059515064413,0.67676887458021,0.5508957655754194,9.993832906395591e-05
1,1.1199517066900928,0.5385915934069393,0.8761359764771028,0.6222928667610342,0.47717567567491703,9.993832906395591e-05
